,stemmed_sentence,tweet_eng
0,keren berita portal sorot haters wkwkwkwk panas,cool news portal highlight haters hot wkwkwkwk
1,unisex parfume anti bau apek panas panas san a thread,unisex perfume anti-odor musty hot hot san a thread
2,bad mood panas,bad hot mood
3,makan sen youngk pc bang jjagyechi jajangmyeom telur keju galbi dumplings toowoomba ramen sanuki udon curry rabokki youngk makan makan panas sen didiemin bentar makan,eat sen youngk pc bang jjagyechi jajangmyeom eggs cheese galbi dumplings toowoomba ramen sanuki udon curry rabokki youngk eat eat hot sen didiemin while eating
4,guys tangan ibu kayak lepuh kena apipanas,guys mom's hands are like blisters with apipanas
5,manajer noona youngk member kerja hobby apapunhobby makan problem makan bri tolong akutuh gabisa makan panas sen biarin biar dingin gitu pc bang game makan,manager noona youngk member work hobby whatever hobby eat eating problem bri please acute gabisa eat hot sen biarin let it cool like that pc bang game eat
6,tour de purbalingga hahahhhaha edan panas ngotak bawa energy gel lemas,tour de purbalingga hahahhhaha crazy hot ngotak bring energy gel limp
7,mohon maaf lahir batin selamat lebaran kota panas indonesia,sorry inner birth happy Eid hot city indonesia
8,widihh hari lebaranamp ramadhan tl panas kek knalpot bajaj netizen xland mmng gabisa hidup jumuah mubarak everyone,widihh Eid day ramadhan tl heat exhaust cake bajaj netizen xland mmng gabisa live jumuah mubarak everyone
9,cuaca panas reda ye minum air bebanyak,"the hot weather subsided, you drank a lot of water"
10,capresnya kalah rawan panasga terima kalah dar besar hati susah kelola hati iklhas,"the presidential candidate is losing prone to heat, accept losing from the big heart, it is difficult to manage the heart of iklhas"
11,malam batu pahat panas henti makan cendol kedai pastu nampak orang order maggi goreng nampak sedap malam order makan sedap harini seremban sanggup redah jem detour kedai makan maggi goreng orang,night hot chisel stop eating cendol pasta shop saw people ordering fried maggi looking good at night ordering delicious food this morning as well as being able to melah jam detour maggi fried diner people
12,my mum reapply sunstick anak panas gila and kulit kering dah,my mum reapply sunstick crazy hot child and dry skin is gone
13,main musim panas,Summer
14,sehat anak girl friend sinar agens tanah panas,healthy child girl friend ray agens hot soil
15,selamat raya maaf zahir batin baju simple this year panas,congratulations sorry zahir batin simple clothes this year hot
16,ikhlas cuman panas girl friend kata gagal tulang punggung soumu girl friend,sincerely just hot girl friend said failed backbone soumu girl friend
17,posed bener panas,posed bener panas
18,lepas raya lunch kerja seronok makan panas,post-election lunch work fun hot meal
19,panas anjing,dog heat
20,no insecure insecure thailand panas,no insecure insecure thailand hot
21,timeline panas buat adem foto sakura ambil kampung pinggir tokyo musim semi moga kenan rejeki abadi,hot timeline for adem sakura photos take village on the outskirts of tokyo spring let's hope for everlasting fortune
22,musim panas time raya nang pasang aircond pakai air cooler sangka tahan smpai brand pakai,summer time Raya Nang Tide air conditioner use water cooler thought it was resistant to use brand smpai
23,geminifourth five tweets au panas cuaca part of mas faris dek intern universe,geminifourth five tweets au hot weather part of mas faris deck internal universe
24,debat panas refly harun qodari ngeles tolak bayar survei,hot debate refly harun qodari ngeles refuse to pay survey
25,muslim bangladeshpakistan dahsyat kot bab solat jumaatraya orang sanggup jalan kaki masjid panas kilometer pergi solat parking sikit masjid solat,bangladeshpakistan muslims are terrible for friday prayer chapters people are willing to walk the hot mosque kilometers go to the parking prayer a little prayer mosque
26,duduk kawasan alami gelombang haba kurang aktiviti siap raya rumah sahaja pergi beli belah siap raya petang malam suhu panas reda thread,sitting in the heatwave area lacking home-finished activities just go shopping ready for the evening evening election hot temperatures subside thread
27,moga ppw dapet series biar panas panas panas akuuu karna liat bareng bahagia,let's hope ppw dapet series let hot hot kuuu because see together happy
28,panas kali,hot times
29,bahana soal panas makcik tumbang,bahana about my aunt's hot fall
30,nomin era pdkt first time video call cantik pamer kucing ujung vc salting pipi merah sampe semukamuka panas,noun era pdkt first time video call beautiful cat show off tip vc salting red cheeks until as good as hot face
31,semangat jumat panas terik,hot friday spirit
32,gara panas,because of the heat
33,panas,water
34,panas smakin panas unjuk terobos lingkar aman capai pintu masuk rumah netanyahu media israel rumah perdana menteri gila baku hantam ampbakar molotov,heat smakin heat show breakthrough safe circumference reach the entrance of the house net? israeli media the house of the prime minister crazy fight hit ampbakar molotov
35,dom hujan panas,hot rain dom
36,datang jongin sni chanyeol kyungsoo panas mna jongin kyk sengaja manasin mrka dua,come jongin sni chanyeol kyungsoo panas mna jongin kyk intentionally manasin mrka dua
37,ramai ramai anak dara sorang jenis kaki drama mampos girl umur allahhh kuat drama mak pakai baju princess sbb panas rajuk main cakap mama sayang laa mama taknak tgk kakak cantik cantik,many virgins are the kind of legs drama mampos girl age allahhh strong drama mom wearing princess clothes as hot as sulk play talk mama love laa mama don't want tgk beautiful sister beautiful
38,kakak masuk igd mata masuk minyak panas pas gorengin nugget laki malas btw masuk dapur hadap bahaya gede plus bahaya pisau adu,sister enters igd eyes enter hot oil when frying lazy boy nuggets btw enter the kitchen facing big dangers plus the danger of fighting knives
39,zaman panas panas lit best gila harga,hot summer lit best crazy price
40,musim panas engaku raya ketibas laa masingmasing kecuali selamat,summer engaku raya ketibas laa each other unless safe
41,aduh indonya keslomot sihhhh kayak sengaja pegang wajan panas lohh sulut deh kayak,ouch indonya keslomot sihhhh kayak intentionally holding a hot pan lohh sulut deh kayak
42,panas rawan pdip jilat ludah,hot prone pdip lick spit
43,cecantik raya rumah orang tibatiba peluh curah curah pulak nasib neck fan my life saviour panas,cecantik raya people's houses suddenly sweat bulk of fate neck fan my life saviour hot
44,the real rasa terpa hujan badai terik panas matahari krabi,the real taste of the scorching rainstorm hot krabi sun
45,hasil piala uefa wakil italia liverpool atalanta menang clean sheet anfield sulit atalanta sepele gianluca scamacca wajib bawa jerman musim panas,uefa trophy result italian representative liverpool atalanta win clean sheet anfield difficult atalanta trivial gianluca scamacca must bring Germany summer
46,bilang jakarta enak sepeda panas sepeda gunung dingin alias tanjak jahat panas,say jakarta is good cold mountain bike hot mountain bike aka uphill evil hot
47,raya kawasan panas elak elak pakai baccarat rouge jenis dupe kesi orang keliling,hot spots avoid using baccarat rouge type dupe kesi people around
48,konteks gemes hc mk be like emang lu kek udh iya emang gemesin woii diem panas dingin pacal puji puji wkwkwk,context gemes hc mk be like emang lu cake udh yes emang gemesin woii diem hot cold pacal praise praise wkwkwk
49,manis panas,hot sweet
50,engaku panas kulim mandi pakai water heater,engaku panas kulim bathing using a water heater
51,thumbler cup with straw reka bentuk simple cantik isi air sejuk and panas straw lagisiap free gift brush mudah cuci,thumbler Cup with Straw Beautiful Simple Design Cold and Hot Water Filling Straw Container Free Gift Brush Easy Wash
52,aksesori orang jantan praktikal jalan gshock lasak praktikal fungsi guna hujan panas selut pasir redah aje majlis rasmi belah malam edifice sesuai lasak sleek padan,accessory man practical street gshock rugged practical function use hot rain blanket soft sand just the official occasion night edifice fit rugged sleek fit
53,pakai baju kurung limit tengahari musim lengas panas mampos,wear bracelets midday limit late season hot mampos
54,sp hujan panas terik petang hujan alhamdulillah,sp hot rain afternoon rain thank God
55,madiun panas semarang,madiun Panas Semarang
56,kesi gila on the way lihat mama anak korek sampah makan nasi basi panas terik air takde fed them some good food dont worry snap gmbr panas just thinking about how tough is for them on the streets cuaca,kesi is crazy on the way see mama's child lighter trash eat stale rice hot scorching water no fed them some good food dont worry snap gmbr hot just thinking about how tough is for them on the streets weather
57,ui panas tolomh rasa hawa hawa panas,ui panas tolomh rasa airawa panas
58,cuaca sea panaspanasnya guys hujan cerah jaga sehat puasa dar saran rissa olahraga rutin makan real food protein sayur buah istirahat tidur minum air putih,hot sea weather guys sunny rain keep healthy fast from advice rissa exercise routine eat real food protein fruit fruit rest sleep drink water
59,posing panas cabar,challenging hot posing
60,sungkem complexion dipake kelilingpanas an longsorrr,complexion sungkem used perimeter an longsorrr
61,sahur makan nasi panas telur mata kicap sambal bilis rangup pedas selera rate sambal bilis hantu bekas makan sorang,"sahur eats hot rice, soy sauce eyes, chilli sauce, spicy crisp bilis, and tastes the rate of chilli sauce, ghost bilis, used to eat alone."
62,raya panas sejarah,historical hot holidays
63,bangkit listrik tenaga panas trypilska wilayah kiev praktis hancur akibat serang rudal bangkit listrik tenaga nuklir chernobyl nonaktif bangkit listrik tenaga panas trypilska kapasitas pasang fasilitas bangkit energi,rise of thermal power trypilska kiev region practically destroyed by missile attack rise of nuclear power chernobyl inactive rise of thermal power trypilska tidal capacity of energy rise facility
64,diri panas on the way ngadem malang,hot self on the way ngadem malang
65,info bpptkg awan panas gugur gunung tanggal april wib amplitudo max mm estimasi jarak luncur maksimal meter barat daya kali bebeng arah angin timur visual gunung rapi cerah masyarakat imbau,info bpptkg hot cloud fall mountain date april wib amplitude max mm estimated maximum glide distance meters southwest times bull east wind direction visual mountain neat bright community imbau
66,enak kali jalan sepi angin adem angin panas,it's nice when the road is quiet and the wind is hot
67,halo nama wawa singkat ww or w or wa cari teman v hobi bengong akhirakhir dengerin cool about indonesia panas and m trying to cool about asli mati leleh oomfs help please friendsmaxxing,hello short wawa name ww or w or wa find a friend v hobbies bengong last listen cool about indonesia hot and m trying to cool about original dead melt oomfs help please friendsmaxxing
68,cantik langit panas,beautiful hot sky
