,created_at,full_text,hari,full_text_normalized,tokens,filtered_tokens,stemmed,stemmed_sentence
0,2024-04-12 02:28:35+00:00,keren ya stiap ada pemberitaan sn di portal gede gini tu selalu jadi sorotan sm haters wkwkwkwk panas ya klo sn masih ada? https://t.co/3w2pt8n1fe,Friday,keren ya setiap ada pemberitaan sana di portal besar seperti ini itu selalu jadi sorotan sama haters wkwkwkwk panas ya klo sana masih ada,"['keren', 'ya', 'setiap', 'ada', 'pemberitaan', 'sana', 'di', 'portal', 'besar', 'seperti', 'ini', 'itu', 'selalu', 'jadi', 'sorotan', 'sama', 'haters', 'wkwkwkwk', 'panas', 'ya', 'klo', 'sana', 'masih', 'ada']","['keren', 'pemberitaan', 'portal', 'sorotan', 'haters', 'wkwkwkwk', 'panas']","['keren', 'berita', 'portal', 'sorot', 'haters', 'wkwkwkwk', 'panas']",keren berita portal sorot haters wkwkwkwk panas
1,2024-04-12 03:48:08+00:00,unisex parfume anti bau apek saat panas panas san a thread https://t.co/26gn0ftcmf,Friday,unisex parfume anti bau apek saat panas panas san a thread,"['unisex', 'parfume', 'anti', 'bau', 'apek', 'saat', 'panas', 'panas', 'san', 'a', 'thread']","['unisex', 'parfume', 'anti', 'bau', 'apek', 'panas', 'panas', 'san', 'a', 'thread']","['unisex', 'parfume', 'anti', 'bau', 'apek', 'panas', 'panas', 'san', 'a', 'thread']",unisex parfume anti bau apek panas panas san a thread
2,2024-04-12 04:30:18+00:00,bt panas banget https://t.co/narvnwirll,Friday,bad mood panas sangat,"['bad', 'mood', 'panas', 'sangat']","['bad', 'mood', 'panas']","['bad', 'mood', 'panas']",bad mood panas
3,2024-04-12 02:34:23+00:00,makanan yg dipesen youngk di pc bang: - jjagyechi (jajangmyeom + telur+ keju) - galbi dumplings - toowoomba ramen - sanuki udon - curry rabokki youngk ga bisa makan makanan yg panas jadi dia pesen semuanya dulu baru didiemin bentar sambil dia makan https://t.co/eqvmyzvmde,Friday,makanan yang dipesen youngk di pc bang  jjagyechi jajangmyeom  telur keju  galbi dumplings  toowoomba ramen  sanuki udon  curry rabokki youngk tidak bisa makan makanan yang panas jadi dia pesen semuanya dulu baru didiemin bentar sambil dia makan,"['makanan', 'yang', 'dipesen', 'youngk', 'di', 'pc', 'bang', 'jjagyechi', 'jajangmyeom', 'telur', 'keju', 'galbi', 'dumplings', 'toowoomba', 'ramen', 'sanuki', 'udon', 'curry', 'rabokki', 'youngk', 'tidak', 'bisa', 'makan', 'makanan', 'yang', 'panas', 'jadi', 'dia', 'pesen', 'semuanya', 'dulu', 'baru', 'didiemin', 'bentar', 'sambil', 'dia', 'makan']","['makanan', 'dipesen', 'youngk', 'pc', 'bang', 'jjagyechi', 'jajangmyeom', 'telur', 'keju', 'galbi', 'dumplings', 'toowoomba', 'ramen', 'sanuki', 'udon', 'curry', 'rabokki', 'youngk', 'makan', 'makanan', 'panas', 'pesen', 'didiemin', 'bentar', 'makan']","['makan', 'sen', 'youngk', 'pc', 'bang', 'jjagyechi', 'jajangmyeom', 'telur', 'keju', 'galbi', 'dumplings', 'toowoomba', 'ramen', 'sanuki', 'udon', 'curry', 'rabokki', 'youngk', 'makan', 'makan', 'panas', 'sen', 'didiemin', 'bentar', 'makan']",makan sen youngk pc bang jjagyechi jajangmyeom telur keju galbi dumplings toowoomba ramen sanuki udon curry rabokki youngk makan makan panas sen didiemin bentar makan
4,2024-04-12 01:36:44+00:00, guys tangan ibuku tiba2 kayak melepuh gini padahal ga kena api/panas kira2 ini kenapa ya? https://t.co/h6d6zgkcrz,Friday,guys tangan ibuku tiba kayak melepuh seperti ini padahal tidak kena apipanas kira ini kenapa ya,"['guys', 'tangan', 'ibuku', 'tiba', 'kayak', 'melepuh', 'seperti', 'ini', 'padahal', 'tidak', 'kena', 'apipanas', 'kira', 'ini', 'kenapa', 'ya']","['guys', 'tangan', 'ibuku', 'kayak', 'melepuh', 'kena', 'apipanas']","['guys', 'tangan', 'ibu', 'kayak', 'lepuh', 'kena', 'apipanas']",guys tangan ibu kayak lepuh kena apipanas
5,2024-04-12 03:36:33+00:00,manajer noona: youngk itu member yg kerja tanpa hobby apapun.hobby dia ya.. cuma makan banyak dan problem dia.. terlalu banyak makan (bri tolong) : akutuh gabisa makan yg panas makanya aku pesen semua sekalian terus aku biarin biar dingin gitu ke pc bang: game makan ️ https://t.co/2ljstkekgq,Friday,manajer noona youngk itu member yang kerja tanpa hobby apapunhobby dia ya cuma makan banyak dan problem dia terlalu banyak makan bri tolong  akutuh gabisa makan yang panas makanya aku pesen semua sekalian terus aku biarin biar dingin gitu ke pc bang game makan ,"['manajer', 'noona', 'youngk', 'itu', 'member', 'yang', 'kerja', 'tanpa', 'hobby', 'apapunhobby', 'dia', 'ya', 'cuma', 'makan', 'banyak', 'dan', 'problem', 'dia', 'terlalu', 'banyak', 'makan', 'bri', 'tolong', 'akutuh', 'gabisa', 'makan', 'yang', 'panas', 'makanya', 'aku', 'pesen', 'semua', 'sekalian', 'terus', 'aku', 'biarin', 'biar', 'dingin', 'gitu', 'ke', 'pc', 'bang', 'game', 'makan']","['manajer', 'noona', 'youngk', 'member', 'kerja', 'hobby', 'apapunhobby', 'makan', 'problem', 'makan', 'bri', 'tolong', 'akutuh', 'gabisa', 'makan', 'panas', 'pesen', 'biarin', 'biar', 'dingin', 'gitu', 'pc', 'bang', 'game', 'makan']","['manajer', 'noona', 'youngk', 'member', 'kerja', 'hobby', 'apapunhobby', 'makan', 'problem', 'makan', 'bri', 'tolong', 'akutuh', 'gabisa', 'makan', 'panas', 'sen', 'biarin', 'biar', 'dingin', 'gitu', 'pc', 'bang', 'game', 'makan']",manajer noona youngk member kerja hobby apapunhobby makan problem makan bri tolong akutuh gabisa makan panas sen biarin biar dingin gitu pc bang game makan
6,2024-04-12 01:51:17+00:00,tour de purbalingga hahahhhaha edan panas banget gak ngotak. gak bawa energy gel pula lemes banget https://t.co/hlrzz0rejn,Friday,tour de purbalingga hahahhhaha edan panas sangat tidak ngotak tidak bawa energy gel pula lemas sangat,"['tour', 'de', 'purbalingga', 'hahahhhaha', 'edan', 'panas', 'sangat', 'tidak', 'ngotak', 'tidak', 'bawa', 'energy', 'gel', 'pula', 'lemas', 'sangat']","['tour', 'de', 'purbalingga', 'hahahhhaha', 'edan', 'panas', 'ngotak', 'bawa', 'energy', 'gel', 'lemas']","['tour', 'de', 'purbalingga', 'hahahhhaha', 'edan', 'panas', 'ngotak', 'bawa', 'energy', 'gel', 'lemas']",tour de purbalingga hahahhhaha edan panas ngotak bawa energy gel lemas
7,2024-04-12 03:35:45+00:00,mohon maaf lahir dan batin. selamat berlebaran dari kota paling panas di indonesia https://t.co/kivry67oc3,Friday,mohon maaf lahir dan batin selamat berlebaran dari kota paling panas di indonesia,"['mohon', 'maaf', 'lahir', 'dan', 'batin', 'selamat', 'berlebaran', 'dari', 'kota', 'paling', 'panas', 'di', 'indonesia']","['mohon', 'maaf', 'lahir', 'batin', 'selamat', 'berlebaran', 'kota', 'panas', 'indonesia']","['mohon', 'maaf', 'lahir', 'batin', 'selamat', 'lebaran', 'kota', 'panas', 'indonesia']",mohon maaf lahir batin selamat lebaran kota panas indonesia
8,2024-04-12 01:22:27+00:00,widihh baru juga sehari lewat lebaran&amp; ramadhan nya tl sudah panas kek knalpot bajaj netizen xland mmng gabisa idup sendirian. jumuah mubarak everyone https://t.co/w5hxvbfeju,Friday,widihh baru juga sehari lewat lebaranamp ramadhan nya tl sudah panas kek knalpot bajaj netizen xland mmng gabisa hidup sendirian jumuah mubarak everyone,"['widihh', 'baru', 'juga', 'sehari', 'lewat', 'lebaranamp', 'ramadhan', 'nya', 'tl', 'sudah', 'panas', 'kek', 'knalpot', 'bajaj', 'netizen', 'xland', 'mmng', 'gabisa', 'hidup', 'sendirian', 'jumuah', 'mubarak', 'everyone']","['widihh', 'sehari', 'lebaranamp', 'ramadhan', 'tl', 'panas', 'kek', 'knalpot', 'bajaj', 'netizen', 'xland', 'mmng', 'gabisa', 'hidup', 'jumuah', 'mubarak', 'everyone']","['widihh', 'hari', 'lebaranamp', 'ramadhan', 'tl', 'panas', 'kek', 'knalpot', 'bajaj', 'netizen', 'xland', 'mmng', 'gabisa', 'hidup', 'jumuah', 'mubarak', 'everyone']",widihh hari lebaranamp ramadhan tl panas kek knalpot bajaj netizen xland mmng gabisa hidup jumuah mubarak everyone
9,2024-04-12 03:52:21+00:00,cuaca panas masih belum reda ye. minum air bebanyak https://t.co/bnsf1ephwn,Friday,cuaca panas masih belum reda ye minum air bebanyak,"['cuaca', 'panas', 'masih', 'belum', 'reda', 'ye', 'minum', 'air', 'bebanyak']","['cuaca', 'panas', 'reda', 'ye', 'minum', 'air', 'bebanyak']","['cuaca', 'panas', 'reda', 'ye', 'minum', 'air', 'bebanyak']",cuaca panas reda ye minum air bebanyak
10,2024-04-10 16:53:59+00:00,capresnya kalah relawannya masih panas...ga bisa terima dengan kekalahan . sekedar berbesar hati aja susah bagaimana bisa mengelola hati untuk iklhas https://t.co/8pfrtiqxnk,Wednesday,capresnya kalah relawannya masih panasga bisa terima dengan kekalahan  sekedar berbesar hati aja susah bagaimana bisa mengelola hati untuk iklhas,"['capresnya', 'kalah', 'relawannya', 'masih', 'panasga', 'bisa', 'terima', 'dengan', 'kekalahan', 'sekedar', 'berbesar', 'hati', 'aja', 'susah', 'bagaimana', 'bisa', 'mengelola', 'hati', 'untuk', 'iklhas']","['capresnya', 'kalah', 'relawannya', 'panasga', 'terima', 'kekalahan', 'sekedar', 'berbesar', 'hati', 'susah', 'mengelola', 'hati', 'iklhas']","['capresnya', 'kalah', 'rawan', 'panasga', 'terima', 'kalah', 'dar', 'besar', 'hati', 'susah', 'kelola', 'hati', 'iklhas']",capresnya kalah rawan panasga terima kalah dar besar hati susah kelola hati iklhas
11,2024-04-11 10:33:14+00:00,semalam batu pahat panas berhenti makan cendol kedai ni. pastu nampak orang order maggi goreng nampak sedap. semalam order makan memang sedap. harini sebelum balik seremban sanggup redah jem sebab nak detour datang balik kedai ni nak makan maggi goreng dia orang lagi. dalam https://t.co/woveyr8eef,Thursday,semalam batu pahat panas berhenti makan cendol kedai ni pastu nampak orang order maggi goreng nampak sedap semalam order makan memang sedap harini sebelum balik seremban sanggup redah jem sebab mau detour datang balik kedai ini mau makan maggi goreng dia orang lagi dalam,"['semalam', 'batu', 'pahat', 'panas', 'berhenti', 'makan', 'cendol', 'kedai', 'ni', 'pastu', 'nampak', 'orang', 'order', 'maggi', 'goreng', 'nampak', 'sedap', 'semalam', 'order', 'makan', 'memang', 'sedap', 'harini', 'sebelum', 'balik', 'seremban', 'sanggup', 'redah', 'jem', 'sebab', 'mau', 'detour', 'datang', 'balik', 'kedai', 'ini', 'mau', 'makan', 'maggi', 'goreng', 'dia', 'orang', 'lagi', 'dalam']","['semalam', 'batu', 'pahat', 'panas', 'berhenti', 'makan', 'cendol', 'kedai', 'pastu', 'nampak', 'orang', 'order', 'maggi', 'goreng', 'nampak', 'sedap', 'semalam', 'order', 'makan', 'sedap', 'harini', 'seremban', 'sanggup', 'redah', 'jem', 'detour', 'kedai', 'makan', 'maggi', 'goreng', 'orang']","['malam', 'batu', 'pahat', 'panas', 'henti', 'makan', 'cendol', 'kedai', 'pastu', 'nampak', 'orang', 'order', 'maggi', 'goreng', 'nampak', 'sedap', 'malam', 'order', 'makan', 'sedap', 'harini', 'seremban', 'sanggup', 'redah', 'jem', 'detour', 'kedai', 'makan', 'maggi', 'goreng', 'orang']",malam batu pahat panas henti makan cendol kedai pastu nampak orang order maggi goreng nampak sedap malam order makan sedap harini seremban sanggup redah jem detour kedai makan maggi goreng orang
12,2024-04-11 12:22:10+00:00,my mum reapply sunstick lagi banyak dari anak dia sbb panas gila and kulit pun rasa mcm kering dah. https://t.co/bylyqpnyxs,Thursday,my mum reapply sunstick lagi banyak dari anak dia sebab panas gila and kulit pun rasa macam kering dah,"['my', 'mum', 'reapply', 'sunstick', 'lagi', 'banyak', 'dari', 'anak', 'dia', 'sebab', 'panas', 'gila', 'and', 'kulit', 'pun', 'rasa', 'macam', 'kering', 'dah']","['my', 'mum', 'reapply', 'sunstick', 'anak', 'panas', 'gila', 'and', 'kulit', 'kering', 'dah']","['my', 'mum', 'reapply', 'sunstick', 'anak', 'panas', 'gila', 'and', 'kulit', 'kering', 'dah']",my mum reapply sunstick anak panas gila and kulit kering dah
13,2024-04-12 04:03:34+00:00,mainan musim panas https://t.co/afhmbbmnpp,Friday,mainan musim panas,"['mainan', 'musim', 'panas']","['mainan', 'musim', 'panas']","['main', 'musim', 'panas']",main musim panas
14,2024-04-11 13:43:49+00:00,sehat anak gf makin lah bersinar agar agensi bawah tanah itu makin panas karena kalian makin naik ,Thursday,sehat anak girl friend makin lah bersinar agar agensi bawah tanah itu makin panas karena kalian makin naik,"['sehat', 'anak', 'girl', 'friend', 'makin', 'lah', 'bersinar', 'agar', 'agensi', 'bawah', 'tanah', 'itu', 'makin', 'panas', 'karena', 'kalian', 'makin', 'naik']","['sehat', 'anak', 'girl', 'friend', 'bersinar', 'agensi', 'tanah', 'panas']","['sehat', 'anak', 'girl', 'friend', 'sinar', 'agens', 'tanah', 'panas']",sehat anak girl friend sinar agens tanah panas
15,2024-04-10 09:08:11+00:00,selamat hari raya maaf zahir dan batin! baju simple je this year (panas la lol) https://t.co/hfzdoqkxvj,Wednesday,selamat hari raya maaf zahir dan batin baju simple aja this year panas la lol,"['selamat', 'hari', 'raya', 'maaf', 'zahir', 'dan', 'batin', 'baju', 'simple', 'aja', 'this', 'year', 'panas', 'la', 'lol']","['selamat', 'raya', 'maaf', 'zahir', 'batin', 'baju', 'simple', 'this', 'year', 'panas']","['selamat', 'raya', 'maaf', 'zahir', 'batin', 'baju', 'simple', 'this', 'year', 'panas']",selamat raya maaf zahir batin baju simple this year panas
16,2024-04-11 15:53:00+00:00,demi gua bukannya ga ikhlas cman panas bgt gf dikata in gagal pdhal dulu tulang punggung soumu itu gf doang satttt,Thursday,demi aku bukannya tidak ikhlas cuman panas sangat girl friend dikata ini gagal padahal dulu tulang punggung soumu itu girl friend doang satttt,"['demi', 'aku', 'bukannya', 'tidak', 'ikhlas', 'cuman', 'panas', 'sangat', 'girl', 'friend', 'dikata', 'ini', 'gagal', 'padahal', 'dulu', 'tulang', 'punggung', 'soumu', 'itu', 'girl', 'friend', 'doang', 'satttt']","['ikhlas', 'cuman', 'panas', 'girl', 'friend', 'dikata', 'gagal', 'tulang', 'punggung', 'soumu', 'girl', 'friend']","['ikhlas', 'cuman', 'panas', 'girl', 'friend', 'kata', 'gagal', 'tulang', 'punggung', 'soumu', 'girl', 'friend']",ikhlas cuman panas girl friend kata gagal tulang punggung soumu girl friend
17,2024-04-11 11:12:46+00:00,ni bukan posed. ni betul panas https://t.co/oyjkkmhuiw,Thursday,ini bukan posed ini bener panas,"['ini', 'bukan', 'posed', 'ini', 'bener', 'panas']","['posed', 'bener', 'panas']","['posed', 'bener', 'panas']",posed bener panas
18,2024-04-04 22:00:35+00:00,lepas raya ni nak lunch dekat tempat kerja pun seronok sebab makanan panas lagi https://t.co/yoqzxiepuy,Thursday,lepas raya ini mau lunch dekat tempat kerja pun seronok sebab makanan panas lagi,"['lepas', 'raya', 'ini', 'mau', 'lunch', 'dekat', 'tempat', 'kerja', 'pun', 'seronok', 'sebab', 'makanan', 'panas', 'lagi']","['lepas', 'raya', 'lunch', 'kerja', 'seronok', 'makanan', 'panas']","['lepas', 'raya', 'lunch', 'kerja', 'seronok', 'makan', 'panas']",lepas raya lunch kerja seronok makan panas
19,2024-04-12 04:23:37+00:00,cok panas bgt njingg https://t.co/y4ctfghfqt,Friday,cok panas sangat anjing,"['cok', 'panas', 'sangat', 'anjing']","['panas', 'anjing']","['panas', 'anjing']",panas anjing
20,2024-04-08 09:10:34+00:00,no insecure insecure :) *thailand panas bgt bjir https://t.co/r6wkidfy00,Monday,no insecure insecure  thailand panas sangat bjir,"['no', 'insecure', 'insecure', 'thailand', 'panas', 'sangat', 'bjir']","['no', 'insecure', 'insecure', 'thailand', 'panas']","['no', 'insecure', 'insecure', 'thailand', 'panas']",no insecure insecure thailand panas
21,2024-04-11 13:55:08+00:00,timeline panas sekali hari ini jadi sudah saatnya membuatnya adem sedikit dengan foto sakura yang saya ambil dari perkampungan di pinggiran tokyo saat musim semi semoga berkenan dan diberikan rejeki setidaknya sekali untuk mengabadikannya sendiri suatu saat nanti ya https://t.co/kk1qjdjfz4,Thursday,timeline panas sekali hari ini jadi sudah saatnya membuatnya adem sedikit dengan foto sakura yang saya ambil dari perkampungan di pinggiran tokyo saat musim semi semoga berkenan dan diberikan rejeki setidaknya sekali untuk mengabadikannya sendiri suatu saat nanti ya,"['timeline', 'panas', 'sekali', 'hari', 'ini', 'jadi', 'sudah', 'saatnya', 'membuatnya', 'adem', 'sedikit', 'dengan', 'foto', 'sakura', 'yang', 'saya', 'ambil', 'dari', 'perkampungan', 'di', 'pinggiran', 'tokyo', 'saat', 'musim', 'semi', 'semoga', 'berkenan', 'dan', 'diberikan', 'rejeki', 'setidaknya', 'sekali', 'untuk', 'mengabadikannya', 'sendiri', 'suatu', 'saat', 'nanti', 'ya']","['timeline', 'panas', 'membuatnya', 'adem', 'foto', 'sakura', 'ambil', 'perkampungan', 'pinggiran', 'tokyo', 'musim', 'semi', 'semoga', 'berkenan', 'rejeki', 'mengabadikannya']","['timeline', 'panas', 'buat', 'adem', 'foto', 'sakura', 'ambil', 'kampung', 'pinggir', 'tokyo', 'musim', 'semi', 'moga', 'kenan', 'rejeki', 'abadi']",timeline panas buat adem foto sakura ambil kampung pinggir tokyo musim semi moga kenan rejeki abadi
22,2024-04-11 17:19:00+00:00,musim panas time raya penang ni terus teringat dulu waktu tak berapa mampu nak pasang aircond. kami pakai air cooler. tak sangka tahan smpai skrg dah 5 tahun guna. ada dua brand kami pakai https://t.co/bxadwnuygg,Thursday,musim panas time raya penang ini terus teringat dulu waktu tidak berapa mampu mau pasang aircond kami pakai air cooler tidak sangka tahan smpai sekarang sudah  tahun guna ada dua brand kami pakai,"['musim', 'panas', 'time', 'raya', 'penang', 'ini', 'terus', 'teringat', 'dulu', 'waktu', 'tidak', 'berapa', 'mampu', 'mau', 'pasang', 'aircond', 'kami', 'pakai', 'air', 'cooler', 'tidak', 'sangka', 'tahan', 'smpai', 'sekarang', 'sudah', 'tahun', 'guna', 'ada', 'dua', 'brand', 'kami', 'pakai']","['musim', 'panas', 'time', 'raya', 'penang', 'pasang', 'aircond', 'pakai', 'air', 'cooler', 'sangka', 'tahan', 'smpai', 'brand', 'pakai']","['musim', 'panas', 'time', 'raya', 'nang', 'pasang', 'aircond', 'pakai', 'air', 'cooler', 'sangka', 'tahan', 'smpai', 'brand', 'pakai']",musim panas time raya nang pasang aircond pakai air cooler sangka tahan smpai brand pakai
23,2024-04-11 16:34:28+00:00,geminifourth five tweets au ada yang panas tapi bukan cuaca (part of mas faris &amp; dek intern universe) https://t.co/vb1ddbc2vm,Thursday,geminifourth five tweets au ada yang panas tapi bukan cuaca part of mas faris amp dek intern universe,"['geminifourth', 'five', 'tweets', 'au', 'ada', 'yang', 'panas', 'tapi', 'bukan', 'cuaca', 'part', 'of', 'mas', 'faris', 'amp', 'dek', 'intern', 'universe']","['geminifourth', 'five', 'tweets', 'au', 'panas', 'cuaca', 'part', 'of', 'mas', 'faris', 'dek', 'intern', 'universe']","['geminifourth', 'five', 'tweets', 'au', 'panas', 'cuaca', 'part', 'of', 'mas', 'faris', 'dek', 'intern', 'universe']",geminifourth five tweets au panas cuaca part of mas faris dek intern universe
24,2024-04-04 23:48:00+00:00,debat panas dengan refly harun qodari ngeles &amp; tolak jelaskan siapa yang bayar surveinya https://t.co/izmnwjofum,Thursday,debat panas dengan refly harun qodari ngeles amp tolak jelaskan siapa yang bayar surveinya,"['debat', 'panas', 'dengan', 'refly', 'harun', 'qodari', 'ngeles', 'amp', 'tolak', 'jelaskan', 'siapa', 'yang', 'bayar', 'surveinya']","['debat', 'panas', 'refly', 'harun', 'qodari', 'ngeles', 'tolak', 'bayar', 'surveinya']","['debat', 'panas', 'refly', 'harun', 'qodari', 'ngeles', 'tolak', 'bayar', 'survei']",debat panas refly harun qodari ngeles tolak bayar survei
25,2024-04-12 01:20:42+00:00,muslim bangladesh/pakistan ni dahsyat kot bab solat jumaat/raya ni. diorang sanggup berjalan kaki ke masjid tengah panas berkilometer sebab nak pergi solat. kita ni parking jauh sikit dari masjid pun dah rasa macam tak nak solat dah,Friday,muslim bangladeshpakistan ini dahsyat kot bab solat jumaatraya ni diorang sanggup berjalan kaki ke masjid tengah panas berkilometer sebab mau pergi solat kita ini parking jauh sikit dari masjid pun sudah rasa macam tidak mau solat sudah,"['muslim', 'bangladeshpakistan', 'ini', 'dahsyat', 'kot', 'bab', 'solat', 'jumaatraya', 'ni', 'diorang', 'sanggup', 'berjalan', 'kaki', 'ke', 'masjid', 'tengah', 'panas', 'berkilometer', 'sebab', 'mau', 'pergi', 'solat', 'kita', 'ini', 'parking', 'jauh', 'sikit', 'dari', 'masjid', 'pun', 'sudah', 'rasa', 'macam', 'tidak', 'mau', 'solat', 'sudah']","['muslim', 'bangladeshpakistan', 'dahsyat', 'kot', 'bab', 'solat', 'jumaatraya', 'diorang', 'sanggup', 'berjalan', 'kaki', 'masjid', 'panas', 'berkilometer', 'pergi', 'solat', 'parking', 'sikit', 'masjid', 'solat']","['muslim', 'bangladeshpakistan', 'dahsyat', 'kot', 'bab', 'solat', 'jumaatraya', 'orang', 'sanggup', 'jalan', 'kaki', 'masjid', 'panas', 'kilometer', 'pergi', 'solat', 'parking', 'sikit', 'masjid', 'solat']",muslim bangladeshpakistan dahsyat kot bab solat jumaatraya orang sanggup jalan kaki masjid panas kilometer pergi solat parking sikit masjid solat
26,2024-04-05 12:37:33+00:00,penduduk di kawasan yang mengalami gelombang haba perlu mengurangkan aktiviti luar. buat persiapan raya di dalam rumah sahaja pergi membeli belah persiapan raya pada waktu petang- malam apabila suhu panas sudah reda. thread. https://t.co/v760tqqmee,Friday,penduduk di kawasan yang mengalami gelombang haba perlu mengurangkan aktiviti luar buat persiapan raya di dalam rumah sahaja pergi membeli belah persiapan raya pada waktu petang malam apabila suhu panas sudah reda thread,"['penduduk', 'di', 'kawasan', 'yang', 'mengalami', 'gelombang', 'haba', 'perlu', 'mengurangkan', 'aktiviti', 'luar', 'buat', 'persiapan', 'raya', 'di', 'dalam', 'rumah', 'sahaja', 'pergi', 'membeli', 'belah', 'persiapan', 'raya', 'pada', 'waktu', 'petang', 'malam', 'apabila', 'suhu', 'panas', 'sudah', 'reda', 'thread']","['penduduk', 'kawasan', 'mengalami', 'gelombang', 'haba', 'mengurangkan', 'aktiviti', 'persiapan', 'raya', 'rumah', 'sahaja', 'pergi', 'membeli', 'belah', 'persiapan', 'raya', 'petang', 'malam', 'suhu', 'panas', 'reda', 'thread']","['duduk', 'kawasan', 'alami', 'gelombang', 'haba', 'kurang', 'aktiviti', 'siap', 'raya', 'rumah', 'sahaja', 'pergi', 'beli', 'belah', 'siap', 'raya', 'petang', 'malam', 'suhu', 'panas', 'reda', 'thread']",duduk kawasan alami gelombang haba kurang aktiviti siap raya rumah sahaja pergi beli belah siap raya petang malam suhu panas reda thread
27,2024-04-12 00:35:43+00:00,semoga ppw dapet series lagi biar yang panas tambah panas yang panas akuuu karna liat mereka bareng bahagia,Friday,semoga ppw dapet series lagi biar yang panas tambah panas yang panas akuuu karna liat mereka bareng bahagia,"['semoga', 'ppw', 'dapet', 'series', 'lagi', 'biar', 'yang', 'panas', 'tambah', 'panas', 'yang', 'panas', 'akuuu', 'karna', 'liat', 'mereka', 'bareng', 'bahagia']","['semoga', 'ppw', 'dapet', 'series', 'biar', 'panas', 'panas', 'panas', 'akuuu', 'karna', 'liat', 'bareng', 'bahagia']","['moga', 'ppw', 'dapet', 'series', 'biar', 'panas', 'panas', 'panas', 'akuuu', 'karna', 'liat', 'bareng', 'bahagia']",moga ppw dapet series biar panas panas panas akuuu karna liat bareng bahagia
28,2024-04-12 05:02:47+00:00,panas kali,Friday,panas kali,"['panas', 'kali']","['panas', 'kali']","['panas', 'kali']",panas kali
29,2024-04-10 12:18:25+00:00,bahana bertanya soalan panas 3 makcik tumbang..! https://t.co/1cscdatcjw,Wednesday,bahana bertanya soalan panas  makcik tumbang,"['bahana', 'bertanya', 'soalan', 'panas', 'makcik', 'tumbang']","['bahana', 'soalan', 'panas', 'makcik', 'tumbang']","['bahana', 'soal', 'panas', 'makcik', 'tumbang']",bahana soal panas makcik tumbang
30,2024-04-11 20:07:20+00:00,ini sih nomin era pdkt first time video call karena si cantik mau pamer kucing katanya tapi ujungnya selama vc malah saling salting dengan kedua pipi yang memerah sampe semuka-muka panas. https://t.co/ku1j19q27z,Thursday,ini sih nomin era pdkt first time video call karena si cantik mau pamer kucing katanya tapi ujungnya selama vc malah saling salting dengan kedua pipi yang memerah sampe semukamuka panas,"['ini', 'sih', 'nomin', 'era', 'pdkt', 'first', 'time', 'video', 'call', 'karena', 'si', 'cantik', 'mau', 'pamer', 'kucing', 'katanya', 'tapi', 'ujungnya', 'selama', 'vc', 'malah', 'saling', 'salting', 'dengan', 'kedua', 'pipi', 'yang', 'memerah', 'sampe', 'semukamuka', 'panas']","['nomin', 'era', 'pdkt', 'first', 'time', 'video', 'call', 'cantik', 'pamer', 'kucing', 'ujungnya', 'vc', 'salting', 'pipi', 'memerah', 'sampe', 'semukamuka', 'panas']","['nomin', 'era', 'pdkt', 'first', 'time', 'video', 'call', 'cantik', 'pamer', 'kucing', 'ujung', 'vc', 'salting', 'pipi', 'merah', 'sampe', 'semukamuka', 'panas']",nomin era pdkt first time video call cantik pamer kucing ujung vc salting pipi merah sampe semukamuka panas
31,2024-04-12 05:03:10+00:00,tetap semangat jum'atan meski panas terik https://t.co/uks02coapr,Friday,tetap semangat jumatan meski panas terik,"['tetap', 'semangat', 'jumatan', 'meski', 'panas', 'terik']","['semangat', 'jumatan', 'panas', 'terik']","['semangat', 'jumat', 'panas', 'terik']",semangat jumat panas terik
32,2024-04-10 21:59:16+00:00,@pickb16win02 gara2 mereka panas.... https://t.co/asqh7cysqf,Wednesday,gara mereka panas,"['gara', 'mereka', 'panas']","['gara', 'panas']","['gara', 'panas']",gara panas
33,2024-04-07 09:47:07+00:00,panas banget ya,Sunday,panas sangat ya,"['panas', 'sangat', 'ya']",['panas'],['panas'],panas
34,2024-04-04 18:20:17+00:00,memanas smakin panas ‼️ 'pengunjuk rasa menerobos semua lingkaran keamanan dan mencapai pintu masuk rumah netanyahu; media israel apa yang terjadi di luar rumah perdana menteri saat ini adalah kegilaan sekalian saja baku hantam &amp;bakar pake molotov ‼️ https://t.co/gtentrqcjz,Thursday,memanas smakin panas  pengunjuk rasa menerobos semua lingkaran keamanan dan mencapai pintu masuk rumah netanyahu media israel apa yang terjadi di luar rumah perdana menteri saat ini adalah kegilaan sekalian saja baku hantam ampbakar pake molotov ,"['memanas', 'smakin', 'panas', 'pengunjuk', 'rasa', 'menerobos', 'semua', 'lingkaran', 'keamanan', 'dan', 'mencapai', 'pintu', 'masuk', 'rumah', 'netanyahu', 'media', 'israel', 'apa', 'yang', 'terjadi', 'di', 'luar', 'rumah', 'perdana', 'menteri', 'saat', 'ini', 'adalah', 'kegilaan', 'sekalian', 'saja', 'baku', 'hantam', 'ampbakar', 'pake', 'molotov']","['memanas', 'smakin', 'panas', 'pengunjuk', 'menerobos', 'lingkaran', 'keamanan', 'mencapai', 'pintu', 'masuk', 'rumah', 'netanyahu', 'media', 'israel', 'rumah', 'perdana', 'menteri', 'kegilaan', 'baku', 'hantam', 'ampbakar', 'molotov']","['panas', 'smakin', 'panas', 'unjuk', 'terobos', 'lingkar', 'aman', 'capai', 'pintu', 'masuk', 'rumah', 'netanyahu', 'media', 'israel', 'rumah', 'perdana', 'menteri', 'gila', 'baku', 'hantam', 'ampbakar', 'molotov']",panas smakin panas unjuk terobos lingkar aman capai pintu masuk rumah netanyahu media israel rumah perdana menteri gila baku hantam ampbakar molotov
35,2024-04-10 10:06:59+00:00,dom kalian sekarang hujan apa panas ??,Wednesday,dom kalian sekarang hujan apa panas ,"['dom', 'kalian', 'sekarang', 'hujan', 'apa', 'panas']","['dom', 'hujan', 'panas']","['dom', 'hujan', 'panas']",dom hujan panas
36,2024-04-06 06:40:00+00:00,⭐️ kedatangan jongin di sni membuat chanyeol kyungsoo panas mna jongin kyk sengaja lgi manas2in mrka berdua https://t.co/dpownwqmp9,Saturday, kedatangan jongin di sni membuat chanyeol kyungsoo panas mna jongin kyk sengaja lgi manasin mrka berdua,"['kedatangan', 'jongin', 'di', 'sni', 'membuat', 'chanyeol', 'kyungsoo', 'panas', 'mna', 'jongin', 'kyk', 'sengaja', 'lgi', 'manasin', 'mrka', 'berdua']","['kedatangan', 'jongin', 'sni', 'chanyeol', 'kyungsoo', 'panas', 'mna', 'jongin', 'kyk', 'sengaja', 'manasin', 'mrka', 'berdua']","['datang', 'jongin', 'sni', 'chanyeol', 'kyungsoo', 'panas', 'mna', 'jongin', 'kyk', 'sengaja', 'manasin', 'mrka', 'dua']",datang jongin sni chanyeol kyungsoo panas mna jongin kyk sengaja manasin mrka dua
37,2024-04-09 01:51:18+00:00,ramai ramai anak sedara aku ni kan ada sorang yang jenis kaki drama nak mampos. girl. umur 7 tahun. ya allahhh kuat drama betul. mak dia tak bagi pakai baju princess (sbb panas) pun dia merajuk kemain cakap mama dah tak sayang laa. mama taknak tgk kakak cantik cantik lah. ,Tuesday,ramai ramai anak sedara aku ini kan ada sorang yang jenis kaki drama mau mampos girl umur  tahun ya allahhh kuat drama betul mak dia tidak bagi pakai baju princess sbb panas pun dia merajuk kemain cakap mama sudah tidak sayang laa mama taknak tgk kakak cantik cantik lah,"['ramai', 'ramai', 'anak', 'sedara', 'aku', 'ini', 'kan', 'ada', 'sorang', 'yang', 'jenis', 'kaki', 'drama', 'mau', 'mampos', 'girl', 'umur', 'tahun', 'ya', 'allahhh', 'kuat', 'drama', 'betul', 'mak', 'dia', 'tidak', 'bagi', 'pakai', 'baju', 'princess', 'sbb', 'panas', 'pun', 'dia', 'merajuk', 'kemain', 'cakap', 'mama', 'sudah', 'tidak', 'sayang', 'laa', 'mama', 'taknak', 'tgk', 'kakak', 'cantik', 'cantik', 'lah']","['ramai', 'ramai', 'anak', 'sedara', 'sorang', 'jenis', 'kaki', 'drama', 'mampos', 'girl', 'umur', 'allahhh', 'kuat', 'drama', 'mak', 'pakai', 'baju', 'princess', 'sbb', 'panas', 'merajuk', 'kemain', 'cakap', 'mama', 'sayang', 'laa', 'mama', 'taknak', 'tgk', 'kakak', 'cantik', 'cantik']","['ramai', 'ramai', 'anak', 'dara', 'sorang', 'jenis', 'kaki', 'drama', 'mampos', 'girl', 'umur', 'allahhh', 'kuat', 'drama', 'mak', 'pakai', 'baju', 'princess', 'sbb', 'panas', 'rajuk', 'main', 'cakap', 'mama', 'sayang', 'laa', 'mama', 'taknak', 'tgk', 'kakak', 'cantik', 'cantik']",ramai ramai anak dara sorang jenis kaki drama mampos girl umur allahhh kuat drama mak pakai baju princess sbb panas rajuk main cakap mama sayang laa mama taknak tgk kakak cantik cantik
38,2024-04-11 12:13:24+00:00,kakakku pernah masuk igd karena matanya kemasukan minyak panas pas gorengin nugget buat lakinya yang pemalas itu btw. masuk dapur = berhadapan sama bahaya segede itu plus bahaya dari pisau setiap hari. masih mau diadu?,Thursday,kakakku pernah masuk igd karena matanya kemasukan minyak panas pas gorengin nugget buat lakinya yang pemalas itu btw masuk dapur  berhadapan sama bahaya segede itu plus bahaya dari pisau setiap hari masih mau diadu,"['kakakku', 'pernah', 'masuk', 'igd', 'karena', 'matanya', 'kemasukan', 'minyak', 'panas', 'pas', 'gorengin', 'nugget', 'buat', 'lakinya', 'yang', 'pemalas', 'itu', 'btw', 'masuk', 'dapur', 'berhadapan', 'sama', 'bahaya', 'segede', 'itu', 'plus', 'bahaya', 'dari', 'pisau', 'setiap', 'hari', 'masih', 'mau', 'diadu']","['kakakku', 'masuk', 'igd', 'matanya', 'kemasukan', 'minyak', 'panas', 'pas', 'gorengin', 'nugget', 'lakinya', 'pemalas', 'btw', 'masuk', 'dapur', 'berhadapan', 'bahaya', 'segede', 'plus', 'bahaya', 'pisau', 'diadu']","['kakak', 'masuk', 'igd', 'mata', 'masuk', 'minyak', 'panas', 'pas', 'gorengin', 'nugget', 'laki', 'malas', 'btw', 'masuk', 'dapur', 'hadap', 'bahaya', 'gede', 'plus', 'bahaya', 'pisau', 'adu']",kakak masuk igd mata masuk minyak panas pas gorengin nugget laki malas btw masuk dapur hadap bahaya gede plus bahaya pisau adu
39,2024-04-08 11:00:12+00:00,zaman panas panas lit ni boleh guna ni best gila harga https://t.co/oqqa4olc35,Monday,zaman panas panas lit ini boleh guna ini best gila harga,"['zaman', 'panas', 'panas', 'lit', 'ini', 'boleh', 'guna', 'ini', 'best', 'gila', 'harga']","['zaman', 'panas', 'panas', 'lit', 'best', 'gila', 'harga']","['zaman', 'panas', 'panas', 'lit', 'best', 'gila', 'harga']",zaman panas panas lit best gila harga
40,2024-04-04 16:45:42+00:00,musim panas nii korang beraya nanti ketibas laa masing-masing kecuali i! sebab i dah ada penyelamat! https://t.co/5se9oi4qgu,Thursday,musim panas ini engaku beraya nanti ketibas laa masingmasing kecuali i sebab i sudah ada penyelamat,"['musim', 'panas', 'ini', 'engaku', 'beraya', 'nanti', 'ketibas', 'laa', 'masingmasing', 'kecuali', 'i', 'sebab', 'i', 'sudah', 'ada', 'penyelamat']","['musim', 'panas', 'engaku', 'beraya', 'ketibas', 'laa', 'masingmasing', 'kecuali', 'penyelamat']","['musim', 'panas', 'engaku', 'raya', 'ketibas', 'laa', 'masingmasing', 'kecuali', 'selamat']",musim panas engaku raya ketibas laa masingmasing kecuali selamat
41,2024-04-11 14:24:08+00:00,aduh indonya keslomot tuh apaan sihhhh kayak kalo kamu ga sengaja kepegang wajan panas itu lohh bukan 'tersulut' deh kayaknya,Thursday,aduh indonya keslomot itu apaan sihhhh kayak kalo kamu tidak sengaja kepegang wajan panas itu lohh bukan tersulut deh kayaknya,"['aduh', 'indonya', 'keslomot', 'itu', 'apaan', 'sihhhh', 'kayak', 'kalo', 'kamu', 'tidak', 'sengaja', 'kepegang', 'wajan', 'panas', 'itu', 'lohh', 'bukan', 'tersulut', 'deh', 'kayaknya']","['aduh', 'indonya', 'keslomot', 'sihhhh', 'kayak', 'sengaja', 'kepegang', 'wajan', 'panas', 'lohh', 'tersulut', 'deh', 'kayaknya']","['aduh', 'indonya', 'keslomot', 'sihhhh', 'kayak', 'sengaja', 'pegang', 'wajan', 'panas', 'lohh', 'sulut', 'deh', 'kayak']",aduh indonya keslomot sihhhh kayak sengaja pegang wajan panas lohh sulut deh kayak
42,2024-04-10 17:02:29+00:00,makin panas nih relawan pdip &amp; 03 ..jika benar terjadi bakal banyak yg jilat ludah sendiri https://t.co/swq2ih9ig4,Wednesday,makin panas nih relawan pdip amp  jika benar terjadi bakal banyak yang jilat ludah sendiri,"['makin', 'panas', 'nih', 'relawan', 'pdip', 'amp', 'jika', 'benar', 'terjadi', 'bakal', 'banyak', 'yang', 'jilat', 'ludah', 'sendiri']","['panas', 'relawan', 'pdip', 'jilat', 'ludah']","['panas', 'rawan', 'pdip', 'jilat', 'ludah']",panas rawan pdip jilat ludah
43,2024-04-11 16:22:05+00:00,dah bersiap cecantik nak beraya rumah orang tiba-tiba peluh mencurah curah pulak nasib baik ada neck fan ni! my life saviour di waktu panas https://t.co/q323cuwbw8,Thursday,sudah bersiap cecantik mau beraya rumah orang tibatiba peluh mencurah curah pulak nasib baik ada neck fan ni my life saviour di waktu panas,"['sudah', 'bersiap', 'cecantik', 'mau', 'beraya', 'rumah', 'orang', 'tibatiba', 'peluh', 'mencurah', 'curah', 'pulak', 'nasib', 'baik', 'ada', 'neck', 'fan', 'ni', 'my', 'life', 'saviour', 'di', 'waktu', 'panas']","['cecantik', 'beraya', 'rumah', 'orang', 'tibatiba', 'peluh', 'mencurah', 'curah', 'pulak', 'nasib', 'neck', 'fan', 'my', 'life', 'saviour', 'panas']","['cecantik', 'raya', 'rumah', 'orang', 'tibatiba', 'peluh', 'curah', 'curah', 'pulak', 'nasib', 'neck', 'fan', 'my', 'life', 'saviour', 'panas']",cecantik raya rumah orang tibatiba peluh curah curah pulak nasib neck fan my life saviour panas
44,2024-04-10 06:22:42+00:00,the real merasakan terpaan hujan badai dan teriknya panas matahari di krabi selalu bersama. https://t.co/ijypilubrd,Wednesday,the real merasakan terpaan hujan badai dan teriknya panas matahari di krabi selalu bersama,"['the', 'real', 'merasakan', 'terpaan', 'hujan', 'badai', 'dan', 'teriknya', 'panas', 'matahari', 'di', 'krabi', 'selalu', 'bersama']","['the', 'real', 'merasakan', 'terpaan', 'hujan', 'badai', 'teriknya', 'panas', 'matahari', 'krabi']","['the', 'real', 'rasa', 'terpa', 'hujan', 'badai', 'terik', 'panas', 'matahari', 'krabi']",the real rasa terpa hujan badai terik panas matahari krabi
45,2024-04-12 01:08:59+00:00,hasil piala uefa wakil italia liverpool 0-3 atalanta menang dan clean sheet di anfield bukan hal yg sulit buat atalanta. sepele. gianluca scamacca wajib dibawa ke jerman musim panas nanti. https://t.co/ewrfhzxrcm,Friday,hasil piala uefa wakil italia liverpool  atalanta menang dan clean sheet di anfield bukan hal yang sulit buat atalanta sepele gianluca scamacca wajib dibawa ke jerman musim panas nanti,"['hasil', 'piala', 'uefa', 'wakil', 'italia', 'liverpool', 'atalanta', 'menang', 'dan', 'clean', 'sheet', 'di', 'anfield', 'bukan', 'hal', 'yang', 'sulit', 'buat', 'atalanta', 'sepele', 'gianluca', 'scamacca', 'wajib', 'dibawa', 'ke', 'jerman', 'musim', 'panas', 'nanti']","['hasil', 'piala', 'uefa', 'wakil', 'italia', 'liverpool', 'atalanta', 'menang', 'clean', 'sheet', 'anfield', 'sulit', 'atalanta', 'sepele', 'gianluca', 'scamacca', 'wajib', 'dibawa', 'jerman', 'musim', 'panas']","['hasil', 'piala', 'uefa', 'wakil', 'italia', 'liverpool', 'atalanta', 'menang', 'clean', 'sheet', 'anfield', 'sulit', 'atalanta', 'sepele', 'gianluca', 'scamacca', 'wajib', 'bawa', 'jerman', 'musim', 'panas']",hasil piala uefa wakil italia liverpool atalanta menang clean sheet anfield sulit atalanta sepele gianluca scamacca wajib bawa jerman musim panas
46,2024-04-12 03:17:50+00:00,yang bilang jakarta itu ga enak untuk sepedaan karena panas mungkin belum pernah sepedaan di gunung (tempat yg umumnya lebih dingin) alias tanjakan itu lebih jahat daripada panas https://t.co/duhefqauig,Friday,yang bilang jakarta itu tidak enak untuk sepedaan karena panas mungkin belum pernah sepedaan di gunung tempat yang umumnya lebih dingin alias tanjakan itu lebih jahat daripada panas,"['yang', 'bilang', 'jakarta', 'itu', 'tidak', 'enak', 'untuk', 'sepedaan', 'karena', 'panas', 'mungkin', 'belum', 'pernah', 'sepedaan', 'di', 'gunung', 'tempat', 'yang', 'umumnya', 'lebih', 'dingin', 'alias', 'tanjakan', 'itu', 'lebih', 'jahat', 'daripada', 'panas']","['bilang', 'jakarta', 'enak', 'sepedaan', 'panas', 'sepedaan', 'gunung', 'dingin', 'alias', 'tanjakan', 'jahat', 'panas']","['bilang', 'jakarta', 'enak', 'sepeda', 'panas', 'sepeda', 'gunung', 'dingin', 'alias', 'tanjak', 'jahat', 'panas']",bilang jakarta enak sepeda panas sepeda gunung dingin alias tanjak jahat panas
47,2024-04-09 07:09:21+00:00,yang dah tahu beraya dekat kawasan panas tu elak elak pakai baccarat rouge atau segala jenis dupe kesian dekat orang sekeliling,Tuesday,yang sudah tahu beraya dekat kawasan panas itu elak elak pakai baccarat rouge atau segala jenis dupe kesian dekat orang sekeliling,"['yang', 'sudah', 'tahu', 'beraya', 'dekat', 'kawasan', 'panas', 'itu', 'elak', 'elak', 'pakai', 'baccarat', 'rouge', 'atau', 'segala', 'jenis', 'dupe', 'kesian', 'dekat', 'orang', 'sekeliling']","['beraya', 'kawasan', 'panas', 'elak', 'elak', 'pakai', 'baccarat', 'rouge', 'jenis', 'dupe', 'kesian', 'orang', 'sekeliling']","['raya', 'kawasan', 'panas', 'elak', 'elak', 'pakai', 'baccarat', 'rouge', 'jenis', 'dupe', 'kesi', 'orang', 'keliling']",raya kawasan panas elak elak pakai baccarat rouge jenis dupe kesi orang keliling
48,2024-04-11 14:46:30+00:00,konteks pada gemes sama hc. mk be like : emang baru tau lu? dia kek udh yg iya emang dia gemesin woii jadi dia diem aja sambil panas dingin juga pacalnya di puji puji wkwkwk https://t.co/rg7gjby7y4,Thursday,konteks pada gemes sama hc mk be like  emang baru tau lu dia kek udh yang iya emang dia gemesin woii jadi dia diem aja sambil panas dingin juga pacalnya di puji puji wkwkwk,"['konteks', 'pada', 'gemes', 'sama', 'hc', 'mk', 'be', 'like', 'emang', 'baru', 'tau', 'lu', 'dia', 'kek', 'udh', 'yang', 'iya', 'emang', 'dia', 'gemesin', 'woii', 'jadi', 'dia', 'diem', 'aja', 'sambil', 'panas', 'dingin', 'juga', 'pacalnya', 'di', 'puji', 'puji', 'wkwkwk']","['konteks', 'gemes', 'hc', 'mk', 'be', 'like', 'emang', 'lu', 'kek', 'udh', 'iya', 'emang', 'gemesin', 'woii', 'diem', 'panas', 'dingin', 'pacalnya', 'puji', 'puji', 'wkwkwk']","['konteks', 'gemes', 'hc', 'mk', 'be', 'like', 'emang', 'lu', 'kek', 'udh', 'iya', 'emang', 'gemesin', 'woii', 'diem', 'panas', 'dingin', 'pacal', 'puji', 'puji', 'wkwkwk']",konteks gemes hc mk be like emang lu kek udh iya emang gemesin woii diem panas dingin pacal puji puji wkwkwk
49,2024-04-10 07:17:07+00:00,manis tapi panas https://t.co/wicox77luu,Wednesday,manis tapi panas,"['manis', 'tapi', 'panas']","['manis', 'panas']","['manis', 'panas']",manis panas
50,2024-04-07 08:34:46+00:00,tempat korang panas tak? kulim ni mandi macam pakai water heater https://t.co/rmh9jgvkzo,Sunday,tempat engaku panas tak kulim ini mandi macam pakai water heater,"['tempat', 'engaku', 'panas', 'tak', 'kulim', 'ini', 'mandi', 'macam', 'pakai', 'water', 'heater']","['engaku', 'panas', 'kulim', 'mandi', 'pakai', 'water', 'heater']","['engaku', 'panas', 'kulim', 'mandi', 'pakai', 'water', 'heater']",engaku panas kulim mandi pakai water heater
51,2024-04-04 22:50:09+00:00,thumbler cup with straw reka bentuk simple tapi tetap cantik boleh isi air sejuk and panas siap ada straw lagi️siap dapat free gift brush lagi mudah lah nak cuci https://t.co/l6rfbrwc6w,Thursday,thumbler cup with straw reka bentuk simple tapi tetap cantik boleh isi air sejuk and panas siap ada straw lagisiap dapat free gift brush lagi mudah lah mau cuci,"['thumbler', 'cup', 'with', 'straw', 'reka', 'bentuk', 'simple', 'tapi', 'tetap', 'cantik', 'boleh', 'isi', 'air', 'sejuk', 'and', 'panas', 'siap', 'ada', 'straw', 'lagisiap', 'dapat', 'free', 'gift', 'brush', 'lagi', 'mudah', 'lah', 'mau', 'cuci']","['thumbler', 'cup', 'with', 'straw', 'reka', 'bentuk', 'simple', 'cantik', 'isi', 'air', 'sejuk', 'and', 'panas', 'straw', 'lagisiap', 'free', 'gift', 'brush', 'mudah', 'cuci']","['thumbler', 'cup', 'with', 'straw', 'reka', 'bentuk', 'simple', 'cantik', 'isi', 'air', 'sejuk', 'and', 'panas', 'straw', 'lagisiap', 'free', 'gift', 'brush', 'mudah', 'cuci']",thumbler cup with straw reka bentuk simple cantik isi air sejuk and panas straw lagisiap free gift brush mudah cuci
52,2024-04-10 05:32:57+00:00,aksesori orang jantan ni lebih pada praktikal. jalan biasa g-shock memang lasak praktikal dan banyak fungsi yang boleh diguna. hujan panas berselut pasir redah aje. bila datang majlis rasmi belah malam edifice lebih sesuai. masih lasak tapi lebih sleek dan padan dengan https://t.co/ps4l6y2yv4,Wednesday,aksesori orang jantan ini lebih pada praktikal jalan biasa gshock memang lasak praktikal dan banyak fungsi yang boleh diguna hujan panas berselut pasir redah aje bila datang majlis rasmi belah malam edifice lebih sesuai masih lasak tapi lebih sleek dan padan dengan,"['aksesori', 'orang', 'jantan', 'ini', 'lebih', 'pada', 'praktikal', 'jalan', 'biasa', 'gshock', 'memang', 'lasak', 'praktikal', 'dan', 'banyak', 'fungsi', 'yang', 'boleh', 'diguna', 'hujan', 'panas', 'berselut', 'pasir', 'redah', 'aje', 'bila', 'datang', 'majlis', 'rasmi', 'belah', 'malam', 'edifice', 'lebih', 'sesuai', 'masih', 'lasak', 'tapi', 'lebih', 'sleek', 'dan', 'padan', 'dengan']","['aksesori', 'orang', 'jantan', 'praktikal', 'jalan', 'gshock', 'lasak', 'praktikal', 'fungsi', 'diguna', 'hujan', 'panas', 'berselut', 'pasir', 'redah', 'aje', 'majlis', 'rasmi', 'belah', 'malam', 'edifice', 'sesuai', 'lasak', 'sleek', 'padan']","['aksesori', 'orang', 'jantan', 'praktikal', 'jalan', 'gshock', 'lasak', 'praktikal', 'fungsi', 'guna', 'hujan', 'panas', 'selut', 'pasir', 'redah', 'aje', 'majlis', 'rasmi', 'belah', 'malam', 'edifice', 'sesuai', 'lasak', 'sleek', 'padan']",aksesori orang jantan praktikal jalan gshock lasak praktikal fungsi guna hujan panas selut pasir redah aje majlis rasmi belah malam edifice sesuai lasak sleek padan
53,2024-04-11 16:00:07+00:00,pakai baju kurung ni limit sampai tengahari je kalau musim sekarang berlengas ye panas nak mampos.,Thursday,pakai baju kurung ini limit sampai tengahari aja kalau musim sekarang berlengas ya panas mau mampos,"['pakai', 'baju', 'kurung', 'ini', 'limit', 'sampai', 'tengahari', 'aja', 'kalau', 'musim', 'sekarang', 'berlengas', 'ya', 'panas', 'mau', 'mampos']","['pakai', 'baju', 'kurung', 'limit', 'tengahari', 'musim', 'berlengas', 'panas', 'mampos']","['pakai', 'baju', 'kurung', 'limit', 'tengahari', 'musim', 'lengas', 'panas', 'mampos']",pakai baju kurung limit tengahari musim lengas panas mampos
54,2024-04-08 09:12:49+00:00,lama sp tak hujan panas terik. tiba2 petang ini hujan. alhamdulillah untuk segalanya.,Monday,lama sp tidak hujan panas terik tiba petang ini hujan alhamdulillah untuk segalanya,"['lama', 'sp', 'tidak', 'hujan', 'panas', 'terik', 'tiba', 'petang', 'ini', 'hujan', 'alhamdulillah', 'untuk', 'segalanya']","['sp', 'hujan', 'panas', 'terik', 'petang', 'hujan', 'alhamdulillah']","['sp', 'hujan', 'panas', 'terik', 'petang', 'hujan', 'alhamdulillah']",sp hujan panas terik petang hujan alhamdulillah
55,2024-04-12 03:48:00+00:00,madiun lebih panas dari semarang ternyata,Friday,madiun lebih panas dari semarang ternyata,"['madiun', 'lebih', 'panas', 'dari', 'semarang', 'ternyata']","['madiun', 'panas', 'semarang']","['madiun', 'panas', 'semarang']",madiun panas semarang
56,2024-04-11 13:55:30+00:00,kesian gila otw tadi nmpk mama ni dgn anak2 dia korek sampah makan nasi basi dengan panas terik air pun takde. fed them some good food don't worry :) tak sempat snap gmbr sbb panas sangat. just thinking about how tough it is for them on the streets dgn cuaca mcm ni lagi. https://t.co/c8xl5tlhkx,Thursday,kesian gila on the way tadi lihat mama ini dengan anak dia korek sampah makan nasi basi dengan panas terik air pun takde fed them some good food dont worry  tidak sempat snap gmbr sebab panas sangat just thinking about how tough itu is for them on the streets dengan cuaca macam ini lagi,"['kesian', 'gila', 'on', 'the', 'way', 'tadi', 'lihat', 'mama', 'ini', 'dengan', 'anak', 'dia', 'korek', 'sampah', 'makan', 'nasi', 'basi', 'dengan', 'panas', 'terik', 'air', 'pun', 'takde', 'fed', 'them', 'some', 'good', 'food', 'dont', 'worry', 'tidak', 'sempat', 'snap', 'gmbr', 'sebab', 'panas', 'sangat', 'just', 'thinking', 'about', 'how', 'tough', 'itu', 'is', 'for', 'them', 'on', 'the', 'streets', 'dengan', 'cuaca', 'macam', 'ini', 'lagi']","['kesian', 'gila', 'on', 'the', 'way', 'lihat', 'mama', 'anak', 'korek', 'sampah', 'makan', 'nasi', 'basi', 'panas', 'terik', 'air', 'takde', 'fed', 'them', 'some', 'good', 'food', 'dont', 'worry', 'snap', 'gmbr', 'panas', 'just', 'thinking', 'about', 'how', 'tough', 'is', 'for', 'them', 'on', 'the', 'streets', 'cuaca']","['kesi', 'gila', 'on', 'the', 'way', 'lihat', 'mama', 'anak', 'korek', 'sampah', 'makan', 'nasi', 'basi', 'panas', 'terik', 'air', 'takde', 'fed', 'them', 'some', 'good', 'food', 'dont', 'worry', 'snap', 'gmbr', 'panas', 'just', 'thinking', 'about', 'how', 'tough', 'is', 'for', 'them', 'on', 'the', 'streets', 'cuaca']",kesi gila on the way lihat mama anak korek sampah makan nasi basi panas terik air takde fed them some good food dont worry snap gmbr panas just thinking about how tough is for them on the streets cuaca
57,2024-04-12 04:18:16+00:00,ui panas bgt tolomh rasakan hawa hawa panas ini https://t.co/if8pz7hdow,Friday,ui panas sangat tolomh rasakan hawa hawa panas ini,"['ui', 'panas', 'sangat', 'tolomh', 'rasakan', 'hawa', 'hawa', 'panas', 'ini']","['ui', 'panas', 'tolomh', 'rasakan', 'hawa', 'hawa', 'panas']","['ui', 'panas', 'tolomh', 'rasa', 'hawa', 'hawa', 'panas']",ui panas tolomh rasa hawa hawa panas
58,2024-04-04 11:36:51+00:00,ternyata cuaca di sea lagi panas-panasnya guys. apalagi disini hujan tapi cerah. jaga kesehatan ya terutama yang masih puasa. sekedar saran dari rissa : - olahraga rutin - makan real food lebih banyak protein &amp; sayur2an dan buah - cukup istirahat dan tidur - minum air putih https://t.co/rwue4snl6n,Thursday,ternyata cuaca di sea lagi panaspanasnya guys apalagi disini hujan tapi cerah jaga kesehatan ya terutama yang masih puasa sekedar saran dari rissa   olahraga rutin  makan real food lebih banyak protein amp sayuran dan buah  cukup istirahat dan tidur  minum air putih,"['ternyata', 'cuaca', 'di', 'sea', 'lagi', 'panaspanasnya', 'guys', 'apalagi', 'disini', 'hujan', 'tapi', 'cerah', 'jaga', 'kesehatan', 'ya', 'terutama', 'yang', 'masih', 'puasa', 'sekedar', 'saran', 'dari', 'rissa', 'olahraga', 'rutin', 'makan', 'real', 'food', 'lebih', 'banyak', 'protein', 'amp', 'sayuran', 'dan', 'buah', 'cukup', 'istirahat', 'dan', 'tidur', 'minum', 'air', 'putih']","['cuaca', 'sea', 'panaspanasnya', 'guys', 'hujan', 'cerah', 'jaga', 'kesehatan', 'puasa', 'sekedar', 'saran', 'rissa', 'olahraga', 'rutin', 'makan', 'real', 'food', 'protein', 'sayuran', 'buah', 'istirahat', 'tidur', 'minum', 'air', 'putih']","['cuaca', 'sea', 'panaspanasnya', 'guys', 'hujan', 'cerah', 'jaga', 'sehat', 'puasa', 'dar', 'saran', 'rissa', 'olahraga', 'rutin', 'makan', 'real', 'food', 'protein', 'sayur', 'buah', 'istirahat', 'tidur', 'minum', 'air', 'putih']",cuaca sea panaspanasnya guys hujan cerah jaga sehat puasa dar saran rissa olahraga rutin makan real food protein sayur buah istirahat tidur minum air putih
59,2024-04-11 11:14:15+00:00,posing tengah panas mmg mencabar https://t.co/sqqezfntjo,Thursday,posing tengah panas memang mencabar,"['posing', 'tengah', 'panas', 'memang', 'mencabar']","['posing', 'panas', 'mencabar']","['posing', 'panas', 'cabar']",posing panas cabar
60,2024-04-10 12:23:11+00:00,mau sungkem sama complexion hari ini dipake keliling+panas an gak longsorrr https://t.co/m2mwtr08cv,Wednesday,mau sungkem sama complexion hari ini dipake kelilingpanas an tidak longsorrr,"['mau', 'sungkem', 'sama', 'complexion', 'hari', 'ini', 'dipake', 'kelilingpanas', 'an', 'tidak', 'longsorrr']","['sungkem', 'complexion', 'dipake', 'kelilingpanas', 'an', 'longsorrr']","['sungkem', 'complexion', 'dipake', 'kelilingpanas', 'an', 'longsorrr']",sungkem complexion dipake kelilingpanas an longsorrr
61,2024-04-07 22:16:15+00:00,sahur makan nasi panas + telur mata + kicap + sambal bilis rangup pedas memang terus berselera i rate sambal bilis ni 10/10 sebab berhantu ya hahaha jangan sampai 1 bekas ni i makan sorang https://t.co/zdnbhr5htg,Sunday,sahur makan nasi panas  telur mata  kicap  sambal bilis rangup pedas memang terus berselera i rate sambal bilis ini  sebab berhantu ya hahaha jangan sampai  bekas ini i makan sorang,"['sahur', 'makan', 'nasi', 'panas', 'telur', 'mata', 'kicap', 'sambal', 'bilis', 'rangup', 'pedas', 'memang', 'terus', 'berselera', 'i', 'rate', 'sambal', 'bilis', 'ini', 'sebab', 'berhantu', 'ya', 'hahaha', 'jangan', 'sampai', 'bekas', 'ini', 'i', 'makan', 'sorang']","['sahur', 'makan', 'nasi', 'panas', 'telur', 'mata', 'kicap', 'sambal', 'bilis', 'rangup', 'pedas', 'berselera', 'rate', 'sambal', 'bilis', 'berhantu', 'bekas', 'makan', 'sorang']","['sahur', 'makan', 'nasi', 'panas', 'telur', 'mata', 'kicap', 'sambal', 'bilis', 'rangup', 'pedas', 'selera', 'rate', 'sambal', 'bilis', 'hantu', 'bekas', 'makan', 'sorang']",sahur makan nasi panas telur mata kicap sambal bilis rangup pedas selera rate sambal bilis hantu bekas makan sorang
62,2024-04-11 12:56:03+00:00,raya paling panas dalam sejarah https://t.co/bzuyjp6ks3,Thursday,raya paling panas dalam sejarah,"['raya', 'paling', 'panas', 'dalam', 'sejarah']","['raya', 'panas', 'sejarah']","['raya', 'panas', 'sejarah']",raya panas sejarah
63,2024-04-11 14:53:58+00:00,pembangkit listrik tenaga panas trypilska di wilayah kiev praktis hancur akibat serangan rudal. setelah pembangkit listrik tenaga nuklir chernobyl dinonaktifkan pembangkit listrik tenaga panas trypilska dengan kapasitas terpasang 1.800 mw menjadi fasilitas pembangkit energi https://t.co/yybtgammro,Thursday,pembangkit listrik tenaga panas trypilska di wilayah kiev praktis hancur akibat serangan rudal setelah pembangkit listrik tenaga nuklir chernobyl dinonaktifkan pembangkit listrik tenaga panas trypilska dengan kapasitas terpasang  mau menjadi fasilitas pembangkit energi,"['pembangkit', 'listrik', 'tenaga', 'panas', 'trypilska', 'di', 'wilayah', 'kiev', 'praktis', 'hancur', 'akibat', 'serangan', 'rudal', 'setelah', 'pembangkit', 'listrik', 'tenaga', 'nuklir', 'chernobyl', 'dinonaktifkan', 'pembangkit', 'listrik', 'tenaga', 'panas', 'trypilska', 'dengan', 'kapasitas', 'terpasang', 'mau', 'menjadi', 'fasilitas', 'pembangkit', 'energi']","['pembangkit', 'listrik', 'tenaga', 'panas', 'trypilska', 'wilayah', 'kiev', 'praktis', 'hancur', 'akibat', 'serangan', 'rudal', 'pembangkit', 'listrik', 'tenaga', 'nuklir', 'chernobyl', 'dinonaktifkan', 'pembangkit', 'listrik', 'tenaga', 'panas', 'trypilska', 'kapasitas', 'terpasang', 'fasilitas', 'pembangkit', 'energi']","['bangkit', 'listrik', 'tenaga', 'panas', 'trypilska', 'wilayah', 'kiev', 'praktis', 'hancur', 'akibat', 'serang', 'rudal', 'bangkit', 'listrik', 'tenaga', 'nuklir', 'chernobyl', 'nonaktif', 'bangkit', 'listrik', 'tenaga', 'panas', 'trypilska', 'kapasitas', 'pasang', 'fasilitas', 'bangkit', 'energi']",bangkit listrik tenaga panas trypilska wilayah kiev praktis hancur akibat serang rudal bangkit listrik tenaga nuklir chernobyl nonaktif bangkit listrik tenaga panas trypilska kapasitas pasang fasilitas bangkit energi
64,2024-04-12 04:26:01+00:00,kediri panas bgt saatnya otw ngadem dlu ke malang ahh https://t.co/vi0bdvflni,Friday,kediri panas sangat saatnya on the way ngadem dulu ke malang ahh,"['kediri', 'panas', 'sangat', 'saatnya', 'on', 'the', 'way', 'ngadem', 'dulu', 'ke', 'malang', 'ahh']","['kediri', 'panas', 'on', 'the', 'way', 'ngadem', 'malang']","['diri', 'panas', 'on', 'the', 'way', 'ngadem', 'malang']",diri panas on the way ngadem malang
65,2024-04-06 04:40:34+00:00,info bpptkg: terjadi awan panas guguran di gunung #merapi tanggal 6 april 2024 pada pukul 10.26 wib dengan amplitudo max 25 mm estimasi jarak luncur maksimal 1100 meter ke barat daya ( kali bebeng ) arah angin ke timur. visual gunung merapi cerah. masyarakat diimbau untuk https://t.co/9k52xm8w0n,Saturday,info bpptkg terjadi awan panas guguran di gunung tanggal  april  pada pukul  wib dengan amplitudo max  mm estimasi jarak luncur maksimal  meter ke barat daya  kali bebeng  arah angin ke timur visual gunung merapi cerah masyarakat diimbau untuk,"['info', 'bpptkg', 'terjadi', 'awan', 'panas', 'guguran', 'di', 'gunung', 'tanggal', 'april', 'pada', 'pukul', 'wib', 'dengan', 'amplitudo', 'max', 'mm', 'estimasi', 'jarak', 'luncur', 'maksimal', 'meter', 'ke', 'barat', 'daya', 'kali', 'bebeng', 'arah', 'angin', 'ke', 'timur', 'visual', 'gunung', 'merapi', 'cerah', 'masyarakat', 'diimbau', 'untuk']","['info', 'bpptkg', 'awan', 'panas', 'guguran', 'gunung', 'tanggal', 'april', 'wib', 'amplitudo', 'max', 'mm', 'estimasi', 'jarak', 'luncur', 'maksimal', 'meter', 'barat', 'daya', 'kali', 'bebeng', 'arah', 'angin', 'timur', 'visual', 'gunung', 'merapi', 'cerah', 'masyarakat', 'diimbau']","['info', 'bpptkg', 'awan', 'panas', 'gugur', 'gunung', 'tanggal', 'april', 'wib', 'amplitudo', 'max', 'mm', 'estimasi', 'jarak', 'luncur', 'maksimal', 'meter', 'barat', 'daya', 'kali', 'bebeng', 'arah', 'angin', 'timur', 'visual', 'gunung', 'rapi', 'cerah', 'masyarakat', 'imbau']",info bpptkg awan panas gugur gunung tanggal april wib amplitudo max mm estimasi jarak luncur maksimal meter barat daya kali bebeng arah angin timur visual gunung rapi cerah masyarakat imbau
66,2024-04-12 01:03:55+00:00,enak kali jalanan sepi mana anginnya adem pula ga angin panas hahaha https://t.co/gmjobdcc9a,Friday,enak kali jalanan sepi mana anginnya adem pula tidak angin panas hahaha,"['enak', 'kali', 'jalanan', 'sepi', 'mana', 'anginnya', 'adem', 'pula', 'tidak', 'angin', 'panas', 'hahaha']","['enak', 'kali', 'jalanan', 'sepi', 'anginnya', 'adem', 'angin', 'panas']","['enak', 'kali', 'jalan', 'sepi', 'angin', 'adem', 'angin', 'panas']",enak kali jalan sepi angin adem angin panas
67,2024-04-08 13:08:10+00:00,halo.. namaku wawa bisa disingkat jadi ww or w² or wa2 mau cari teman ^v^ hobiku bengong terus aku akhir-akhir ini dengerin cool about it karena indonesia sangat panas and i m trying to cool about it walaupun aslinya mau mati meleleh oomfs help rt pls aku mau friendsmaxxing :d https://t.co/yf23xq5t7c,Monday,halo namaku wawa bisa disingkat jadi ww or w or wa mau cari teman v hobiku bengong terus aku akhirakhir ini dengerin cool about itu karena indonesia sangat panas and i m trying to cool about itu walaupun aslinya mau mati meleleh oomfs help rt please aku mau friendsmaxxing d,"['halo', 'namaku', 'wawa', 'bisa', 'disingkat', 'jadi', 'ww', 'or', 'w', 'or', 'wa', 'mau', 'cari', 'teman', 'v', 'hobiku', 'bengong', 'terus', 'aku', 'akhirakhir', 'ini', 'dengerin', 'cool', 'about', 'itu', 'karena', 'indonesia', 'sangat', 'panas', 'and', 'i', 'm', 'trying', 'to', 'cool', 'about', 'itu', 'walaupun', 'aslinya', 'mau', 'mati', 'meleleh', 'oomfs', 'help', 'rt', 'please', 'aku', 'mau', 'friendsmaxxing', 'd']","['halo', 'namaku', 'wawa', 'disingkat', 'ww', 'or', 'w', 'or', 'wa', 'cari', 'teman', 'v', 'hobiku', 'bengong', 'akhirakhir', 'dengerin', 'cool', 'about', 'indonesia', 'panas', 'and', 'm', 'trying', 'to', 'cool', 'about', 'aslinya', 'mati', 'meleleh', 'oomfs', 'help', 'please', 'friendsmaxxing']","['halo', 'nama', 'wawa', 'singkat', 'ww', 'or', 'w', 'or', 'wa', 'cari', 'teman', 'v', 'hobi', 'bengong', 'akhirakhir', 'dengerin', 'cool', 'about', 'indonesia', 'panas', 'and', 'm', 'trying', 'to', 'cool', 'about', 'asli', 'mati', 'leleh', 'oomfs', 'help', 'please', 'friendsmaxxing']",halo nama wawa singkat ww or w or wa cari teman v hobi bengong akhirakhir dengerin cool about indonesia panas and m trying to cool about asli mati leleh oomfs help please friendsmaxxing
68,2024-04-12 05:06:58+00:00,secantik itu langitnya️ tp panas https://t.co/suo70ruj3v,Friday,secantik itu langitnya tapi panas,"['secantik', 'itu', 'langitnya', 'tapi', 'panas']","['secantik', 'langitnya', 'panas']","['cantik', 'langit', 'panas']",cantik langit panas
